Route_gen,KSP_unseen_robust_prob
Mut_Intertwine_two,mutate_routes_two_intertwine
Mut_Add_vertex,add_vertex_to_terminal
Mut_Delete_vertex,remove_vertex_from_terminal
Mut_Invert_path_vertices,mut_invert_route_vertices
Mut_Insert_inside_vertex,mut_add_vertex_inside_route
Mut_Delete_inside_vertex,mut_delete_vertex_inside_route
Mut_Replace_inside_vertex,mut_replace_vertex_inside_route
Mut_Donate_between_routes,mut_donate_vertex_between_routes
Mut_Trim_one_terminal_cb,mut_trim_one_terminal_cb
Mut_Grow_one_terminal_cb,mut_grow_one_terminal_cb
Crossover,Mumford_replace_subsets
